"","Kingdom","Phylum","Class","Order","Family","Genus"
"ASV_1","Bacteria","Proteobacteria","Gammaproteobacteria","Cellvibrionales","Cellvibrionaceae","Cellvibrio"
"ASV_2","Bacteria","Bacteroidetes","Bacteroidia","Chitinophagales","Chitinophagaceae","Taibaiella"
"ASV_3","Bacteria","Proteobacteria","Gammaproteobacteria","Betaproteobacteriales","Rhodocyclaceae","Azonexus"
"ASV_4","Bacteria","Proteobacteria","Gammaproteobacteria","Pseudomonadales","Pseudomonadaceae","Pseudomonas"
"ASV_5","Bacteria","Proteobacteria","Alphaproteobacteria","Caulobacterales","Caulobacteraceae","Asticcacaulis"
"ASV_6","Bacteria","Proteobacteria","Gammaproteobacteria","Pseudomonadales","Pseudomonadaceae","Pseudomonas"
"ASV_7","Bacteria","Proteobacteria","Gammaproteobacteria","Aeromonadales","Aeromonadaceae","Aeromonas"
"ASV_8","Bacteria","Bacteroidetes","Bacteroidia","Cytophagales","Spirosomaceae","Leadbetterella"
"ASV_9","Bacteria","Bacteroidetes","Bacteroidia","Chitinophagales","Chitinophagaceae","Terrimonas"
"ASV_10","Bacteria","Proteobacteria","Gammaproteobacteria","Xanthomonadales","Xanthomonadaceae","Stenotrophomonas"
"ASV_11","Bacteria","Bacteroidetes","Bacteroidia","Bacteroidales","Dysgonomonadaceae","Dysgonomonas"
"ASV_12","Bacteria","Proteobacteria","Gammaproteobacteria","Betaproteobacteriales","Burkholderiaceae","Acidovorax"
"ASV_13","Bacteria","Bacteroidetes","Bacteroidia","Sphingobacteriales","Sphingobacteriaceae","Pedobacter"
"ASV_14","Bacteria","Proteobacteria","Gammaproteobacteria","Aeromonadales","Aeromonadaceae","Aeromonas"
"ASV_15","Bacteria","Proteobacteria","Gammaproteobacteria","Xanthomonadales","Xanthomonadaceae","Stenotrophomonas"
"ASV_16","Bacteria","Proteobacteria","Gammaproteobacteria","Betaproteobacteriales","Burkholderiaceae",NA
"ASV_17","Bacteria","Proteobacteria","Gammaproteobacteria","Betaproteobacteriales","Burkholderiaceae","Bordetella"
"ASV_18","Bacteria","Proteobacteria","Alphaproteobacteria","Rhizobiales","Rhizobiaceae","Shinella"
"ASV_19","Bacteria","Proteobacteria","Gammaproteobacteria","Xanthomonadales","Rhodanobacteraceae","Dokdonella"
"ASV_20","Bacteria","Proteobacteria","Gammaproteobacteria","Betaproteobacteriales","Burkholderiaceae","Comamonas"
"ASV_21","Bacteria","Proteobacteria","Alphaproteobacteria","Rhizobiales","Pleomorphomonadaceae","Pleomorphomonas"
"ASV_22","Bacteria","Proteobacteria","Gammaproteobacteria","Betaproteobacteriales","Rhodocyclaceae","Uliginosibacterium"
"ASV_23","Bacteria","Proteobacteria","Gammaproteobacteria","Pseudomonadales","Pseudomonadaceae","Pseudomonas"
"ASV_24","Bacteria","Proteobacteria","Alphaproteobacteria","Rickettsiales","Rickettsiaceae","Candidatus_Megaira"
"ASV_25","Bacteria","Bacteroidetes","Bacteroidia","Flavobacteriales","Flavobacteriaceae","Flavobacterium"
"ASV_26","Bacteria","Firmicutes","Bacilli","Bacillales","Paenibacillaceae","Cohnella"
"ASV_27","Bacteria","Proteobacteria","Alphaproteobacteria","Rhizobiales","Xanthobacteraceae","Rhodopseudomonas"
"ASV_28","Bacteria","Proteobacteria","Alphaproteobacteria","Sphingomonadales","Sphingomonadaceae","Sphingopyxis"
"ASV_29","Bacteria","Proteobacteria","Alphaproteobacteria","Rhizobiales","Devosiaceae","Devosia"
"ASV_30","Bacteria","Proteobacteria","Alphaproteobacteria","Rhizobiales","Pleomorphomonadaceae","Pleomorphomonas"
"ASV_31","Bacteria","Bacteroidetes","Bacteroidia","Sphingobacteriales","Sphingobacteriaceae","Sphingobacterium"
"ASV_32","Bacteria","Proteobacteria","Alphaproteobacteria","Caulobacterales","Caulobacteraceae","Phenylobacterium"
"ASV_33","Bacteria","Cyanobacteria","Oxyphotobacteria","Chloroplast",NA,NA
"ASV_34","Bacteria","Proteobacteria","Gammaproteobacteria","Betaproteobacteriales","Methylophilaceae","Methylophilus"
"ASV_35","Bacteria","Proteobacteria","Gammaproteobacteria","Betaproteobacteriales","Burkholderiaceae","Pigmentiphaga"
"ASV_36","Bacteria","Verrucomicrobia","Verrucomicrobiae","Opitutales","Opitutaceae","Lacunisphaera"
"ASV_37","Bacteria","Bacteroidetes","Bacteroidia","Sphingobacteriales","Sphingobacteriaceae",NA
"ASV_38","Bacteria","Proteobacteria","Alphaproteobacteria","Rhizobiales","Devosiaceae","Devosia"
"ASV_39","Bacteria","Bacteroidetes","Bacteroidia","Chitinophagales","Chitinophagaceae","Niabella"
"ASV_40","Bacteria","Proteobacteria","Gammaproteobacteria","Betaproteobacteriales","Burkholderiaceae","Achromobacter"
"ASV_41","Bacteria","Proteobacteria","Alphaproteobacteria","Rhizobiales","Rhizobiaceae","Shinella"
"ASV_42","Bacteria","Actinobacteria","Actinobacteria","Micrococcales","Cellulomonadaceae","Cellulomonas"
"ASV_43","Bacteria","Actinobacteria","Actinobacteria","Micrococcales","Microbacteriaceae","Microbacterium"
"ASV_44","Bacteria","Proteobacteria","Gammaproteobacteria","Cellvibrionales","Cellvibrionaceae","Cellvibrio"
"ASV_45","Bacteria","Bacteroidetes","Bacteroidia","Sphingobacteriales","Sphingobacteriaceae","Sphingobacterium"
"ASV_46","Bacteria","Bacteroidetes","Bacteroidia","Sphingobacteriales","Sphingobacteriaceae","Nubsella"
"ASV_47","Bacteria","Proteobacteria","Alphaproteobacteria","Rhizobiales","Rhizobiaceae","Pseudaminobacter"
"ASV_48","Bacteria","Proteobacteria","Alphaproteobacteria","Sphingomonadales","Sphingomonadaceae","Sphingomonas"
"ASV_49","Bacteria","Firmicutes","Bacilli","Bacillales","Paenibacillaceae","Cohnella"
"ASV_50","Bacteria","Proteobacteria","Alphaproteobacteria","Rhizobiales","Rhizobiaceae","Allorhizobium-Neorhizobium-Pararhizobium-Rhizobium"
"ASV_51","Bacteria","Proteobacteria","Gammaproteobacteria","Betaproteobacteriales","Burkholderiaceae","Achromobacter"
"ASV_52","Bacteria","Proteobacteria","Alphaproteobacteria","Rhizobiales","Rhizobiaceae","Shinella"
"ASV_53","Bacteria","Proteobacteria","Alphaproteobacteria","Sneathiellales","Sneathiellaceae","Taonella"
"ASV_54","Bacteria","Firmicutes","Bacilli","Bacillales","Paenibacillaceae","Cohnella"
"ASV_55","Bacteria","Bacteroidetes","Bacteroidia","Sphingobacteriales","Sphingobacteriaceae","Sphingobacterium"
"ASV_56","Bacteria","Proteobacteria","Gammaproteobacteria","Betaproteobacteriales","Burkholderiaceae","Herbaspirillum"
"ASV_57","Bacteria","Proteobacteria","Alphaproteobacteria","Micropepsales","Micropepsaceae",NA
"ASV_58","Bacteria","Proteobacteria","Alphaproteobacteria","Rhizobiales","Kaistiaceae","Kaistia"
"ASV_59","Bacteria","Bacteroidetes","Bacteroidia","Sphingobacteriales","Sphingobacteriaceae","Pedobacter"
"ASV_60","Bacteria","Proteobacteria","Alphaproteobacteria","Rhizobiales","Devosiaceae","Paradevosia"
"ASV_61","Bacteria","Bacteroidetes","Bacteroidia","Bacteroidales","Dysgonomonadaceae","Dysgonomonas"
"ASV_62","Bacteria","Proteobacteria","Alphaproteobacteria","Rhizobiales","Devosiaceae","Paradevosia"
"ASV_63","Bacteria","Bacteroidetes","Bacteroidia","Sphingobacteriales","Sphingobacteriaceae","Parapedobacter"
"ASV_64","Bacteria","Proteobacteria","Alphaproteobacteria","Rhizobiales","Rhizobiaceae","Shinella"
"ASV_65","Bacteria","Proteobacteria","Alphaproteobacteria","Rhizobiales","Rhizobiaceae","Mesorhizobium"
"ASV_66","Bacteria","Bacteroidetes","Bacteroidia","Sphingobacteriales","Sphingobacteriaceae",NA
"ASV_67","Bacteria","Proteobacteria","Gammaproteobacteria","Betaproteobacteriales","Rhodocyclaceae","Azonexus"
"ASV_68","Bacteria","Verrucomicrobia","Verrucomicrobiae","Opitutales","Opitutaceae","Opitutus"
"ASV_69","Bacteria","Proteobacteria","Gammaproteobacteria","Betaproteobacteriales","Burkholderiaceae",NA
"ASV_70","Bacteria","Bacteroidetes","Bacteroidia","Chitinophagales","Chitinophagaceae","Flavihumibacter"
"ASV_71","Bacteria","Proteobacteria","Gammaproteobacteria","Betaproteobacteriales","Burkholderiaceae","Pusillimonas"
"ASV_72","Bacteria","Actinobacteria","Actinobacteria","Micrococcales","Cellulomonadaceae","Cellulomonas"
"ASV_73","Bacteria","Proteobacteria","Alphaproteobacteria","Rhizobiales","Beijerinckiaceae","Bosea"
"ASV_74","Bacteria","Verrucomicrobia","Verrucomicrobiae","Opitutales","Opitutaceae","Lacunisphaera"
"ASV_75","Bacteria","Proteobacteria","Gammaproteobacteria","Betaproteobacteriales","Burkholderiaceae","Herbaspirillum"
"ASV_76","Bacteria","Bacteroidetes","Bacteroidia","Chitinophagales","Chitinophagaceae","Taibaiella"
"ASV_77","Bacteria","Firmicutes","Bacilli","Bacillales","Paenibacillaceae","Cohnella"
"ASV_78","Bacteria","Bacteroidetes","Bacteroidia","Chitinophagales","Chitinophagaceae","Taibaiella"
"ASV_79","Bacteria","Bacteroidetes","Bacteroidia","Chitinophagales","Chitinophagaceae","Taibaiella"
"ASV_80","Bacteria","Bacteroidetes","Bacteroidia","Bacteroidales","Dysgonomonadaceae","Dysgonomonas"
"ASV_81","Bacteria","Bacteroidetes","Bacteroidia","Chitinophagales","Chitinophagaceae","Taibaiella"
"ASV_82","Bacteria","Proteobacteria","Gammaproteobacteria","Cellvibrionales","Cellvibrionaceae","Cellvibrio"
"ASV_83","Bacteria","Proteobacteria","Gammaproteobacteria","Betaproteobacteriales","Burkholderiaceae","Bordetella"
"ASV_84","Bacteria","Bacteroidetes","Bacteroidia","Chitinophagales","Chitinophagaceae","Taibaiella"
"ASV_85","Bacteria","Proteobacteria","Gammaproteobacteria","Betaproteobacteriales","Burkholderiaceae","Herbaspirillum"
"ASV_86","Bacteria","Proteobacteria","Gammaproteobacteria","Betaproteobacteriales","Rhodocyclaceae","Azonexus"
"ASV_87","Bacteria","Proteobacteria","Alphaproteobacteria","Rhizobiales","Beijerinckiaceae","Bosea"
"ASV_88","Bacteria","Bacteroidetes","Bacteroidia","Chitinophagales","Chitinophagaceae","Taibaiella"
"ASV_89","Bacteria","Cyanobacteria","Oxyphotobacteria","Chloroplast",NA,NA
"ASV_90","Bacteria","Proteobacteria","Alphaproteobacteria","Rhizobiales","Rhizobiaceae","Allorhizobium-Neorhizobium-Pararhizobium-Rhizobium"
"ASV_91","Bacteria","Proteobacteria","Gammaproteobacteria","Betaproteobacteriales","Burkholderiaceae","Bordetella"
"ASV_92","Bacteria","Proteobacteria","Alphaproteobacteria","Rhizobiales","Devosiaceae","Devosia"
"ASV_93","Bacteria","Proteobacteria","Gammaproteobacteria","Betaproteobacteriales","Burkholderiaceae","Ralstonia"
"ASV_94","Bacteria","Proteobacteria","Gammaproteobacteria","Cellvibrionales","Cellvibrionaceae","Cellvibrio"
"ASV_95","Bacteria","Proteobacteria","Gammaproteobacteria","Betaproteobacteriales","Burkholderiaceae","Achromobacter"
"ASV_96","Bacteria","Bacteroidetes","Bacteroidia","Sphingobacteriales","Sphingobacteriaceae",NA
"ASV_97","Bacteria","Proteobacteria","Alphaproteobacteria","Rhizobiales","Rhizobiaceae","Shinella"
"ASV_98","Bacteria","Proteobacteria","Gammaproteobacteria","Xanthomonadales","Xanthomonadaceae","Stenotrophomonas"
"ASV_99","Bacteria","Proteobacteria","Alphaproteobacteria","Rhizobiales","Devosiaceae","Devosia"
"ASV_100","Bacteria","Proteobacteria","Alphaproteobacteria","Sphingomonadales","Sphingomonadaceae","Plot4-2H12"
"ASV_101","Bacteria","Proteobacteria","Gammaproteobacteria","Xanthomonadales","Xanthomonadaceae","Stenotrophomonas"
"ASV_102","Bacteria","Proteobacteria","Gammaproteobacteria","Betaproteobacteriales","Rhodocyclaceae","Azonexus"
"ASV_103","Bacteria","Proteobacteria","Alphaproteobacteria","Rhizobiales","Xanthobacteraceae","Rhodopseudomonas"
"ASV_104","Bacteria","Proteobacteria","Gammaproteobacteria","Betaproteobacteriales","Rhodocyclaceae","Azonexus"
"ASV_105","Bacteria","Proteobacteria","Alphaproteobacteria","Rhizobiales","Devosiaceae","Devosia"
"ASV_106","Bacteria","Bacteroidetes","Bacteroidia","Chitinophagales","Chitinophagaceae","Taibaiella"
"ASV_107","Bacteria","Bacteroidetes","Bacteroidia","Chitinophagales","Chitinophagaceae","Taibaiella"
"ASV_108","Bacteria","Proteobacteria","Gammaproteobacteria","Cellvibrionales","Cellvibrionaceae","Cellvibrio"
"ASV_109","Bacteria","Bacteroidetes","Bacteroidia","Chitinophagales","Chitinophagaceae","Taibaiella"
"ASV_110","Bacteria","Proteobacteria","Alphaproteobacteria","Caulobacterales","Caulobacteraceae","Phenylobacterium"
"ASV_111","Bacteria","Proteobacteria","Gammaproteobacteria","Betaproteobacteriales","Rhodocyclaceae","Azonexus"
"ASV_112","Bacteria","Proteobacteria","Gammaproteobacteria","Betaproteobacteriales","Methylophilaceae","Methylophilus"
"ASV_113","Bacteria","Proteobacteria","Alphaproteobacteria","Micropepsales","Micropepsaceae",NA
"ASV_114","Bacteria","Proteobacteria","Alphaproteobacteria","Sphingomonadales","Sphingomonadaceae","Sphingopyxis"
"ASV_115","Bacteria","Proteobacteria","Gammaproteobacteria","Cellvibrionales","Cellvibrionaceae","Cellvibrio"
"ASV_116","Bacteria","Proteobacteria","Gammaproteobacteria","Cellvibrionales","Cellvibrionaceae","Cellvibrio"
"ASV_117","Bacteria","Proteobacteria","Alphaproteobacteria","Rhizobiales","Rhizobiaceae","Allorhizobium-Neorhizobium-Pararhizobium-Rhizobium"
"ASV_118","Bacteria","Proteobacteria","Gammaproteobacteria","Xanthomonadales","Xanthomonadaceae","Stenotrophomonas"
"ASV_119","Bacteria","Proteobacteria","Alphaproteobacteria","Sphingomonadales","Sphingomonadaceae",NA
"ASV_120","Bacteria","Proteobacteria","Gammaproteobacteria","Betaproteobacteriales","Burkholderiaceae",NA
"ASV_121","Bacteria","Bacteroidetes","Bacteroidia","Sphingobacteriales","Sphingobacteriaceae","Nubsella"
"ASV_122","Bacteria","Proteobacteria","Gammaproteobacteria","Betaproteobacteriales","Methylophilaceae","Methylophilus"
"ASV_123","Bacteria","Actinobacteria","Actinobacteria","Micrococcales","Microbacteriaceae","Microbacterium"
"ASV_124","Bacteria","Proteobacteria","Alphaproteobacteria","Rhizobiales","Pleomorphomonadaceae","Pleomorphomonas"
"ASV_125","Bacteria","Proteobacteria","Gammaproteobacteria","Betaproteobacteriales","Burkholderiaceae","Acidovorax"
"ASV_126","Bacteria","Proteobacteria","Gammaproteobacteria","Betaproteobacteriales","Rhodocyclaceae","Uliginosibacterium"
"ASV_127","Bacteria","Bacteroidetes","Bacteroidia","Chitinophagales","Chitinophagaceae","Taibaiella"
"ASV_128","Bacteria","Bacteroidetes","Bacteroidia","Chitinophagales","Chitinophagaceae","Flavihumibacter"
"ASV_129","Bacteria","Proteobacteria","Alphaproteobacteria","Rhizobiales","Rhizobiaceae","Ochrobactrum"
"ASV_130","Bacteria","Proteobacteria","Alphaproteobacteria","Rhizobiales","Xanthobacteraceae","Pseudolabrys"
"ASV_131","Bacteria","Cyanobacteria","Oxyphotobacteria","Chloroplast",NA,NA
"ASV_132","Bacteria","Firmicutes","Bacilli","Bacillales","Paenibacillaceae","Cohnella"
"ASV_133","Bacteria","Proteobacteria","Gammaproteobacteria","Betaproteobacteriales","Burkholderiaceae","Pigmentiphaga"
"ASV_134","Bacteria","Verrucomicrobia","Verrucomicrobiae","Opitutales","Opitutaceae","Lacunisphaera"
"ASV_135","Bacteria","Proteobacteria","Alphaproteobacteria","Rhizobiales","Devosiaceae","Devosia"
"ASV_136","Bacteria","Proteobacteria","Alphaproteobacteria","Sphingomonadales","Sphingomonadaceae",NA
"ASV_137","Bacteria","Proteobacteria","Gammaproteobacteria","Betaproteobacteriales","Burkholderiaceae","Pusillimonas"
"ASV_138","Bacteria","Proteobacteria","Gammaproteobacteria","Xanthomonadales","Xanthomonadaceae","Stenotrophomonas"
"ASV_139","Bacteria","Proteobacteria","Alphaproteobacteria","Rhizobiales","Devosiaceae","Paradevosia"
"ASV_140","Bacteria","Proteobacteria","Alphaproteobacteria","Rhizobiales","Xanthobacteraceae","Rhodopseudomonas"
"ASV_141","Bacteria","Proteobacteria","Alphaproteobacteria","Rhizobiales","Rhizobiaceae","Allorhizobium-Neorhizobium-Pararhizobium-Rhizobium"
"ASV_142","Bacteria","Proteobacteria","Alphaproteobacteria","Rhizobiales","Xanthobacteraceae","Afipia"
"ASV_143","Bacteria","Proteobacteria","Alphaproteobacteria","Sneathiellales","Sneathiellaceae","Taonella"
"ASV_144","Bacteria","Proteobacteria","Gammaproteobacteria","Xanthomonadales","Rhodanobacteraceae","Dokdonella"
"ASV_145","Bacteria","Proteobacteria","Alphaproteobacteria","Rhizobiales","Kaistiaceae","Kaistia"
"ASV_146","Bacteria","Bacteroidetes","Bacteroidia","Sphingobacteriales","Sphingobacteriaceae","Nubsella"
"ASV_147","Bacteria","Proteobacteria","Gammaproteobacteria","Betaproteobacteriales","Burkholderiaceae","Herbaspirillum"
"ASV_148","Bacteria","Proteobacteria","Alphaproteobacteria","Rhizobiales","Rhizobiaceae","Mesorhizobium"
"ASV_149","Bacteria","Bacteroidetes","Bacteroidia","Chitinophagales","Chitinophagaceae","Niabella"
"ASV_150","Bacteria","Verrucomicrobia","Verrucomicrobiae","Opitutales","Opitutaceae","Lacunisphaera"
"ASV_151","Bacteria","Actinobacteria","Actinobacteria","Micrococcales","Cellulomonadaceae","Cellulomonas"
"ASV_152","Bacteria","Proteobacteria","Gammaproteobacteria","Betaproteobacteriales","Burkholderiaceae",NA
"ASV_153","Bacteria","Proteobacteria","Alphaproteobacteria","Rhizobiales","Pleomorphomonadaceae","Pleomorphomonas"
"ASV_154","Bacteria","Proteobacteria","Gammaproteobacteria","Betaproteobacteriales","Burkholderiaceae","Parapusillimonas"
"ASV_155","Bacteria","Proteobacteria","Alphaproteobacteria","Micropepsales","Micropepsaceae",NA
"ASV_156","Bacteria","Proteobacteria","Gammaproteobacteria","Betaproteobacteriales","Burkholderiaceae","Bordetella"
"ASV_157","Bacteria","Proteobacteria","Gammaproteobacteria","Betaproteobacteriales","Burkholderiaceae","Bordetella"
"ASV_158","Bacteria","Proteobacteria","Alphaproteobacteria","Sneathiellales","Sneathiellaceae","Taonella"
"ASV_159","Bacteria","Proteobacteria","Alphaproteobacteria","Micropepsales","Micropepsaceae",NA
"ASV_160","Bacteria","Proteobacteria","Gammaproteobacteria","Betaproteobacteriales","Burkholderiaceae",NA
"ASV_161","Bacteria","Proteobacteria","Alphaproteobacteria","Rhizobiales","Rhizobiaceae","Mesorhizobium"
"ASV_162","Bacteria","Proteobacteria","Gammaproteobacteria","Cellvibrionales","Cellvibrionaceae","Cellvibrio"
"ASV_163","Bacteria","Proteobacteria","Gammaproteobacteria","Cellvibrionales","Cellvibrionaceae","Cellvibrio"
"ASV_164","Bacteria","Proteobacteria","Alphaproteobacteria","Rhizobiales","Kaistiaceae","Kaistia"
"ASV_165","Bacteria","Proteobacteria","Alphaproteobacteria","Rhizobiales","Rhizobiales_Incertae_Sedis","Phreatobacter"
"ASV_166","Bacteria","Proteobacteria","Alphaproteobacteria","Sphingomonadales","Sphingomonadaceae","Sphingomonas"
"ASV_167","Bacteria","Proteobacteria","Alphaproteobacteria","Rhizobiales","Rhizobiaceae",NA
"ASV_168","Bacteria","Proteobacteria","Gammaproteobacteria","Betaproteobacteriales","Burkholderiaceae","Bordetella"
"ASV_169","Bacteria","Proteobacteria","Alphaproteobacteria","Sphingomonadales","Sphingomonadaceae",NA
"ASV_170","Bacteria","Proteobacteria","Alphaproteobacteria","Rhizobiales","Rhizobiaceae","Ochrobactrum"
"ASV_171","Bacteria","Proteobacteria","Alphaproteobacteria","Rhizobiales","Xanthobacteraceae","Pseudolabrys"
"ASV_172","Bacteria","Bacteroidetes","Bacteroidia","Sphingobacteriales","Sphingobacteriaceae",NA
"ASV_173","Bacteria","Proteobacteria","Gammaproteobacteria","Betaproteobacteriales","Burkholderiaceae","Herbaspirillum"
"ASV_174","Bacteria","Proteobacteria","Gammaproteobacteria","Betaproteobacteriales","Burkholderiaceae","Achromobacter"
"ASV_175","Bacteria","Proteobacteria","Alphaproteobacteria","Rhizobiales","Xanthobacteraceae","Pseudolabrys"
"ASV_176","Bacteria","Bacteroidetes","Bacteroidia","Sphingobacteriales","Sphingobacteriaceae",NA
"ASV_177","Bacteria","Proteobacteria","Gammaproteobacteria","Xanthomonadales","Xanthomonadaceae","Stenotrophomonas"
"ASV_178","Bacteria","Proteobacteria","Gammaproteobacteria","Cellvibrionales","Cellvibrionaceae","Cellvibrio"
"ASV_179","Bacteria","Proteobacteria","Gammaproteobacteria","Betaproteobacteriales","Burkholderiaceae","Achromobacter"
"ASV_180","Bacteria","Proteobacteria","Gammaproteobacteria","Cellvibrionales","Cellvibrionaceae","Cellvibrio"
"ASV_181","Bacteria","Proteobacteria","Alphaproteobacteria","Rhizobiales","Beijerinckiaceae","Bosea"
"ASV_182","Bacteria","Verrucomicrobia","Verrucomicrobiae","Opitutales","Opitutaceae","Lacunisphaera"
"ASV_183","Bacteria","Proteobacteria","Gammaproteobacteria","Betaproteobacteriales","Burkholderiaceae","Pigmentiphaga"
"ASV_184","Bacteria","Proteobacteria","Alphaproteobacteria","Sphingomonadales","Sphingomonadaceae","Sphingopyxis"
"ASV_185","Bacteria","Proteobacteria","Gammaproteobacteria","Betaproteobacteriales","Burkholderiaceae",NA
"ASV_186","Bacteria","Proteobacteria","Gammaproteobacteria","Betaproteobacteriales","Burkholderiaceae","Parapusillimonas"
"ASV_187","Bacteria","Proteobacteria","Gammaproteobacteria","Betaproteobacteriales","Burkholderiaceae","Achromobacter"
"ASV_188","Bacteria","Proteobacteria","Alphaproteobacteria","Rhizobiales","Beijerinckiaceae","Bosea"
"ASV_189","Bacteria","Bacteroidetes","Bacteroidia","Chitinophagales","Chitinophagaceae","Taibaiella"
"ASV_190","Bacteria","Proteobacteria","Alphaproteobacteria","Rhizobiales","Devosiaceae","Paradevosia"
"ASV_191","Bacteria","Proteobacteria","Alphaproteobacteria","Sneathiellales","Sneathiellaceae","Taonella"
"ASV_192","Bacteria","Proteobacteria","Gammaproteobacteria","Betaproteobacteriales","Rhodocyclaceae","Azonexus"
"ASV_193","Bacteria","Bacteroidetes","Bacteroidia","Chitinophagales","Chitinophagaceae","Flavihumibacter"
"ASV_194","Bacteria","Proteobacteria","Gammaproteobacteria","Betaproteobacteriales","Rhodocyclaceae","Azonexus"
"ASV_195","Bacteria","Bacteroidetes","Bacteroidia","Chitinophagales","Chitinophagaceae","Taibaiella"
"ASV_196","Bacteria","Proteobacteria","Gammaproteobacteria","Betaproteobacteriales","Burkholderiaceae","Acidovorax"
"ASV_197","Bacteria","Bacteroidetes","Bacteroidia","Chitinophagales","Chitinophagaceae","Taibaiella"
"ASV_198","Bacteria","Proteobacteria","Alphaproteobacteria","Caulobacterales","Caulobacteraceae","Phenylobacterium"
"ASV_199","Bacteria","Verrucomicrobia","Verrucomicrobiae","Opitutales","Opitutaceae","Lacunisphaera"
"ASV_200","Bacteria","Proteobacteria","Alphaproteobacteria","Caulobacterales","Caulobacteraceae","Asticcacaulis"
"ASV_201","Bacteria","Proteobacteria","Gammaproteobacteria",NA,NA,NA
"ASV_202","Bacteria","Proteobacteria","Alphaproteobacteria","Rhizobiales","Devosiaceae","Paradevosia"
"ASV_203","Bacteria","Proteobacteria","Gammaproteobacteria","Betaproteobacteriales","Burkholderiaceae","Bordetella"
"ASV_204","Bacteria","Bacteroidetes","Bacteroidia","Sphingobacteriales","Sphingobacteriaceae",NA
"ASV_205","Bacteria","Cyanobacteria","Oxyphotobacteria","Chloroplast",NA,NA
"ASV_206","Bacteria","Proteobacteria","Gammaproteobacteria","Betaproteobacteriales","Rhodocyclaceae","Azonexus"
"ASV_207","Bacteria","Proteobacteria","Gammaproteobacteria","Betaproteobacteriales","Burkholderiaceae","Herbaspirillum"
"ASV_208","Bacteria","Proteobacteria","Alphaproteobacteria","Rhizobiales","Beijerinckiaceae","Bosea"
"ASV_209","Bacteria","Bacteroidetes","Bacteroidia","Sphingobacteriales","Sphingobacteriaceae",NA
"ASV_210","Bacteria","Proteobacteria","Gammaproteobacteria","Betaproteobacteriales","Burkholderiaceae","Herbaspirillum"
"ASV_211","Bacteria","Proteobacteria","Alphaproteobacteria","Caulobacterales","Caulobacteraceae","Phenylobacterium"
"ASV_212","Bacteria","Proteobacteria","Gammaproteobacteria","Betaproteobacteriales","Burkholderiaceae","Pusillimonas"
"ASV_213","Bacteria","Proteobacteria","Alphaproteobacteria","Sphingomonadales","Sphingomonadaceae","Plot4-2H12"
"ASV_214","Bacteria","Proteobacteria","Gammaproteobacteria","Betaproteobacteriales","Burkholderiaceae","Xylophilus"
"ASV_215","Bacteria","Proteobacteria","Alphaproteobacteria","Sphingomonadales","Sphingomonadaceae","Plot4-2H12"
"ASV_216","Bacteria","Proteobacteria","Alphaproteobacteria","Rhizobiales","Pleomorphomonadaceae","Pleomorphomonas"
"ASV_217","Bacteria","Proteobacteria","Gammaproteobacteria","Betaproteobacteriales","Rhodocyclaceae",NA
"ASV_218","Bacteria","Bacteroidetes","Bacteroidia","Sphingobacteriales","Sphingobacteriaceae","Parapedobacter"
"ASV_219","Bacteria","Actinobacteria","Actinobacteria","Micrococcales","Cellulomonadaceae","Cellulomonas"
"ASV_220","Bacteria","Bacteroidetes","Bacteroidia","Chitinophagales","Chitinophagaceae","Taibaiella"
"ASV_221","Bacteria","Bacteroidetes","Bacteroidia","Chitinophagales","Chitinophagaceae","Taibaiella"
"ASV_222","Bacteria","Bacteroidetes","Bacteroidia","Chitinophagales","Chitinophagaceae","Vibrionimonas"
"ASV_223","Bacteria","Proteobacteria","Gammaproteobacteria","Betaproteobacteriales","Rhodocyclaceae","Azonexus"
"ASV_224","Bacteria","Bacteroidetes","Bacteroidia","Chitinophagales","Chitinophagaceae","Taibaiella"
"ASV_225","Bacteria","Bacteroidetes","Bacteroidia","Chitinophagales","Chitinophagaceae","Flavihumibacter"
"ASV_226","Bacteria","Proteobacteria","Alphaproteobacteria","Sphingomonadales","Sphingomonadaceae","Sphingopyxis"
"ASV_227","Bacteria","Proteobacteria","Gammaproteobacteria","Cellvibrionales","Cellvibrionaceae","Cellvibrio"
"ASV_228","Bacteria","Verrucomicrobia","Verrucomicrobiae","Opitutales","Opitutaceae","Lacunisphaera"
"ASV_229","Bacteria","Proteobacteria","Gammaproteobacteria","Aeromonadales","Aeromonadaceae","Aeromonas"
"ASV_230","Bacteria","Proteobacteria","Gammaproteobacteria","Betaproteobacteriales","Burkholderiaceae","Achromobacter"
"ASV_231","Bacteria","Proteobacteria","Gammaproteobacteria","Betaproteobacteriales","Burkholderiaceae","Achromobacter"
"ASV_232","Bacteria","Bacteroidetes","Bacteroidia","Bacteroidales","Dysgonomonadaceae","Dysgonomonas"
"ASV_233","Bacteria","Proteobacteria","Gammaproteobacteria","Betaproteobacteriales","Burkholderiaceae","Herbaspirillum"
"ASV_234","Bacteria","Proteobacteria",NA,NA,NA,NA
"ASV_235","Bacteria","Proteobacteria","Alphaproteobacteria","Sphingomonadales","Sphingomonadaceae",NA
"ASV_236","Bacteria","Proteobacteria","Gammaproteobacteria","Xanthomonadales","Rhodanobacteraceae","Dokdonella"
"ASV_237","Bacteria","Proteobacteria","Alphaproteobacteria","Rhizobiales","Kaistiaceae","Kaistia"
"ASV_238","Bacteria","Bacteroidetes","Bacteroidia","Chitinophagales","Chitinophagaceae","Niabella"
"ASV_239","Bacteria","Proteobacteria","Gammaproteobacteria","Xanthomonadales","Xanthomonadaceae","Stenotrophomonas"
"ASV_240",NA,NA,NA,NA,NA,NA
"ASV_241","Bacteria","Bacteroidetes","Bacteroidia","Chitinophagales","Chitinophagaceae","Taibaiella"
"ASV_242","Bacteria","Actinobacteria","Actinobacteria","Micrococcales","Microbacteriaceae","Microbacterium"
"ASV_243","Bacteria","Proteobacteria","Gammaproteobacteria","Cellvibrionales","Cellvibrionaceae","Cellvibrio"
"ASV_244","Eukaryota",NA,NA,NA,NA,NA
"ASV_245","Bacteria","Proteobacteria","Gammaproteobacteria","Betaproteobacteriales","Burkholderiaceae","Bordetella"
"ASV_246","Bacteria","Proteobacteria","Gammaproteobacteria","Betaproteobacteriales","Burkholderiaceae","Castellaniella"
"ASV_247","Bacteria","Proteobacteria","Alphaproteobacteria","Rhizobiales","Devosiaceae","Paradevosia"
"ASV_248","Bacteria","Proteobacteria","Alphaproteobacteria","Rhizobiales","Kaistiaceae","Kaistia"
"ASV_249","Bacteria","Proteobacteria","Gammaproteobacteria","Betaproteobacteriales","Burkholderiaceae","Parapusillimonas"
"ASV_250","Bacteria","Proteobacteria","Alphaproteobacteria","Rhizobiales","Beijerinckiaceae","Bosea"
"ASV_251","Bacteria","Proteobacteria","Gammaproteobacteria","Betaproteobacteriales","Burkholderiaceae","Bordetella"
"ASV_252","Bacteria","Proteobacteria","Gammaproteobacteria","Betaproteobacteriales","Burkholderiaceae","Herbaspirillum"
"ASV_253","Bacteria","Proteobacteria","Gammaproteobacteria","Betaproteobacteriales","Burkholderiaceae","Comamonas"
"ASV_254","Bacteria","Proteobacteria","Gammaproteobacteria","Betaproteobacteriales","Rhodocyclaceae","Azonexus"
"ASV_255","Bacteria","Bacteroidetes","Bacteroidia","Chitinophagales","Chitinophagaceae","Taibaiella"
"ASV_256","Bacteria","Proteobacteria","Alphaproteobacteria","Sphingomonadales","Sphingomonadaceae",NA
"ASV_257","Eukaryota",NA,NA,NA,NA,NA
"ASV_258","Bacteria","Bacteroidetes","Bacteroidia","Chitinophagales","Chitinophagaceae","Flavihumibacter"
"ASV_259","Bacteria","Proteobacteria","Alphaproteobacteria","Rhizobiales","Beijerinckiaceae","Bosea"
"ASV_260","Eukaryota",NA,NA,NA,NA,NA
"ASV_261","Bacteria","Proteobacteria","Gammaproteobacteria","Aeromonadales","Aeromonadaceae","Aeromonas"
"ASV_262","Bacteria","Proteobacteria","Gammaproteobacteria","Betaproteobacteriales","Burkholderiaceae","Achromobacter"
"ASV_263","Bacteria","Proteobacteria","Gammaproteobacteria","Cellvibrionales","Cellvibrionaceae","Cellvibrio"
"ASV_264","Bacteria","Proteobacteria","Alphaproteobacteria","Rhizobiales","Devosiaceae","Devosia"
"ASV_265","Bacteria","Proteobacteria","Gammaproteobacteria","Cellvibrionales","Cellvibrionaceae","Cellvibrio"
"ASV_266","Bacteria","Proteobacteria","Alphaproteobacteria","Rhizobiales","Kaistiaceae","Kaistia"
"ASV_267","Bacteria","Proteobacteria","Alphaproteobacteria","Rhizobiales","Kaistiaceae","Kaistia"
"ASV_268","Bacteria","Proteobacteria","Gammaproteobacteria","Betaproteobacteriales","Burkholderiaceae",NA
"ASV_269","Bacteria","Proteobacteria","Gammaproteobacteria","Betaproteobacteriales","Burkholderiaceae","Orrella"
"ASV_270","Bacteria","Actinobacteria","Actinobacteria","Propionibacteriales","Nocardioidaceae","Marmoricola"
"ASV_271","Bacteria","Proteobacteria","Alphaproteobacteria","Rhizobiales","Beijerinckiaceae","Bosea"
"ASV_272","Bacteria","Proteobacteria","Gammaproteobacteria","Betaproteobacteriales","Burkholderiaceae","Ralstonia"
"ASV_273","Bacteria","Bacteroidetes","Bacteroidia","Chitinophagales","Chitinophagaceae","Taibaiella"
"ASV_274","Bacteria","Proteobacteria","Gammaproteobacteria","Betaproteobacteriales","Burkholderiaceae","Pusillimonas"
"ASV_275","Bacteria","Proteobacteria","Gammaproteobacteria","Xanthomonadales","Xanthomonadaceae","Stenotrophomonas"
"ASV_276","Bacteria","Proteobacteria","Gammaproteobacteria","Xanthomonadales","Xanthomonadaceae","Stenotrophomonas"
"ASV_277","Bacteria","Bacteroidetes","Bacteroidia","Chitinophagales","Chitinophagaceae","Taibaiella"
"ASV_278","Bacteria","Proteobacteria","Gammaproteobacteria","Xanthomonadales","Xanthomonadaceae","SN8"
"ASV_279","Bacteria","Cyanobacteria","Oxyphotobacteria","Chloroplast",NA,NA
"ASV_280","Bacteria","Proteobacteria","Alphaproteobacteria","Rhodospirillales",NA,NA
"ASV_281","Bacteria","Proteobacteria","Gammaproteobacteria","Betaproteobacteriales","Rhodocyclaceae","Uliginosibacterium"
"ASV_282","Bacteria","Proteobacteria","Alphaproteobacteria",NA,NA,NA
"ASV_283","Bacteria","Bacteroidetes","Bacteroidia","Chitinophagales","Chitinophagaceae","Terrimonas"
"ASV_284","Bacteria","Bacteroidetes","Bacteroidia","Chitinophagales","Chitinophagaceae","Taibaiella"
"ASV_285","Bacteria","Bacteroidetes","Bacteroidia","Cytophagales","Spirosomaceae","Leadbetterella"
"ASV_286","Bacteria","Proteobacteria","Gammaproteobacteria","Xanthomonadales","Rhodanobacteraceae","Dokdonella"
"ASV_287","Bacteria","Bacteroidetes","Bacteroidia","Flavobacteriales","Flavobacteriaceae","Flavobacterium"
"ASV_288","Bacteria","Proteobacteria","Alphaproteobacteria","Rhizobiales","Pleomorphomonadaceae","Pleomorphomonas"
"ASV_289","Bacteria","Proteobacteria","Gammaproteobacteria",NA,NA,NA
"ASV_290","Bacteria","Proteobacteria","Alphaproteobacteria","Micropepsales","Micropepsaceae",NA
"ASV_291","Bacteria","Bacteroidetes","Bacteroidia","Chitinophagales","Chitinophagaceae",NA
"ASV_292","Bacteria","Proteobacteria","Alphaproteobacteria","Reyranellales","Reyranellaceae","Reyranella"
"ASV_293","Bacteria","Proteobacteria","Gammaproteobacteria","Betaproteobacteriales","Burkholderiaceae","Bordetella"
"ASV_294","Bacteria","Bacteroidetes","Bacteroidia","Sphingobacteriales","Sphingobacteriaceae","Parapedobacter"
"ASV_295","Bacteria","Bacteroidetes","Bacteroidia","Chitinophagales","Chitinophagaceae","Taibaiella"
"ASV_296","Bacteria","Proteobacteria","Gammaproteobacteria","Betaproteobacteriales","Burkholderiaceae",NA
"ASV_297","Bacteria","Bacteroidetes","Bacteroidia","Cytophagales","Spirosomaceae","Leadbetterella"
"ASV_298","Bacteria","Proteobacteria","Alphaproteobacteria","Rhizobiales","Rhizobiales_Incertae_Sedis","Phreatobacter"
"ASV_299","Bacteria","Cyanobacteria","Oxyphotobacteria","Chloroplast",NA,NA
"ASV_300","Bacteria","Proteobacteria","Gammaproteobacteria","Xanthomonadales","Xanthomonadaceae","Stenotrophomonas"
"ASV_301","Bacteria","Verrucomicrobia","Verrucomicrobiae","Opitutales","Opitutaceae","Opitutus"
"ASV_302","Bacteria","Proteobacteria","Alphaproteobacteria","Rhizobiales","Devosiaceae","Devosia"
"ASV_303","Bacteria","Bacteroidetes","Bacteroidia","Chitinophagales","Chitinophagaceae","Taibaiella"
"ASV_304","Bacteria","Proteobacteria","Alphaproteobacteria","Rhodospirillales",NA,NA
"ASV_305","Bacteria","Proteobacteria","Alphaproteobacteria","Rhizobiales","Beijerinckiaceae","Bosea"
"ASV_306","Bacteria","Bacteroidetes","Bacteroidia","Bacteroidales",NA,NA
"ASV_307","Bacteria","Bacteroidetes","Bacteroidia","Chitinophagales","Chitinophagaceae",NA
"ASV_308","Bacteria","Bacteroidetes","Bacteroidia","Chitinophagales","Chitinophagaceae",NA
"ASV_309","Bacteria","Bacteroidetes","Bacteroidia","Bacteroidales","Dysgonomonadaceae","Dysgonomonas"
"ASV_310","Bacteria","Proteobacteria","Gammaproteobacteria","Betaproteobacteriales","Burkholderiaceae","Burkholderia-Caballeronia-Paraburkholderia"
"ASV_311","Bacteria","Bacteroidetes","Bacteroidia","Chitinophagales","Chitinophagaceae","Niabella"
"ASV_312","Bacteria","Proteobacteria","Gammaproteobacteria","Cellvibrionales","Cellvibrionaceae","Cellvibrio"
"ASV_313","Bacteria","Proteobacteria","Gammaproteobacteria","Xanthomonadales","Rhodanobacteraceae","Dokdonella"
"ASV_314","Bacteria","Proteobacteria","Gammaproteobacteria","Cellvibrionales","Cellvibrionaceae","Cellvibrio"
"ASV_315","Bacteria","Proteobacteria","Gammaproteobacteria","Pseudomonadales","Pseudomonadaceae","Pseudomonas"
"ASV_316","Bacteria","Proteobacteria","Gammaproteobacteria","Cellvibrionales","Cellvibrionaceae","Cellvibrio"
"ASV_317","Bacteria","Proteobacteria","Gammaproteobacteria","Betaproteobacteriales","Burkholderiaceae","Orrella"
"ASV_318","Bacteria","Proteobacteria","Gammaproteobacteria","Pseudomonadales","Pseudomonadaceae","Azorhizophilus"
"ASV_319","Bacteria","Bacteroidetes","Bacteroidia","Cytophagales","Spirosomaceae","Leadbetterella"
"ASV_320","Bacteria","Proteobacteria","Gammaproteobacteria","Xanthomonadales","Xanthomonadaceae","Stenotrophomonas"
"ASV_321","Bacteria","Proteobacteria","Alphaproteobacteria","Rhizobiales","Rhizobiaceae","Pseudaminobacter"
"ASV_322","Bacteria","Actinobacteria","Actinobacteria","Propionibacteriales","Nocardioidaceae","Marmoricola"
"ASV_323","Bacteria","Bacteroidetes","Bacteroidia","Chitinophagales","Chitinophagaceae",NA
"ASV_324","Bacteria","Proteobacteria","Gammaproteobacteria","Pseudomonadales","Pseudomonadaceae","Azorhizophilus"
"ASV_325","Bacteria","Bacteroidetes","Bacteroidia","Bacteroidales",NA,NA
"ASV_326","Bacteria","Bacteroidetes","Bacteroidia","Chitinophagales","Chitinophagaceae","Terrimonas"
"ASV_327","Eukaryota",NA,NA,NA,NA,NA
"ASV_328","Bacteria","Bacteroidetes","Bacteroidia","Chitinophagales","Chitinophagaceae","Flavihumibacter"
"ASV_329","Bacteria","Proteobacteria","Gammaproteobacteria","Betaproteobacteriales","Burkholderiaceae","Comamonas"
"ASV_330","Bacteria","Proteobacteria","Gammaproteobacteria","Betaproteobacteriales","Burkholderiaceae",NA
"ASV_331","Bacteria","Proteobacteria","Alphaproteobacteria","Rhizobiales","Xanthobacteraceae","Oligotropha"
"ASV_332","Bacteria","Verrucomicrobia","Verrucomicrobiae","Opitutales","Opitutaceae","Lacunisphaera"
"ASV_333","Bacteria","Bacteroidetes","Bacteroidia","Cytophagales","Spirosomaceae","Leadbetterella"
"ASV_334","Bacteria","Proteobacteria","Gammaproteobacteria","Cellvibrionales","Cellvibrionaceae","Cellvibrio"
"ASV_335","Bacteria","Proteobacteria","Alphaproteobacteria","Rhizobiales","Rhizobiaceae","Shinella"
"ASV_336","Bacteria","Proteobacteria","Gammaproteobacteria","Enterobacteriales","Enterobacteriaceae","Escherichia/Shigella"
"ASV_337","Bacteria","Proteobacteria","Alphaproteobacteria","Rhizobiales","Xanthobacteraceae","Oligotropha"
"ASV_338","Bacteria","Proteobacteria","Alphaproteobacteria","Sneathiellales","Sneathiellaceae","Taonella"
"ASV_339","Bacteria","Bacteroidetes","Bacteroidia","Sphingobacteriales","Sphingobacteriaceae","Nubsella"
"ASV_340","Bacteria","Proteobacteria","Alphaproteobacteria","Rhizobiales","Rhizobiaceae","Ensifer"
"ASV_341","Bacteria","Proteobacteria","Alphaproteobacteria","Sneathiellales","Sneathiellaceae","Taonella"
"ASV_342","Bacteria","Proteobacteria","Alphaproteobacteria","Sphingomonadales","Sphingomonadaceae","Hephaestia"
"ASV_343","Bacteria","Proteobacteria","Gammaproteobacteria","Betaproteobacteriales","Burkholderiaceae","Bordetella"
"ASV_344","Bacteria","Bacteroidetes","Bacteroidia","Chitinophagales","Chitinophagaceae","Taibaiella"
"ASV_345","Bacteria","Proteobacteria","Gammaproteobacteria","Betaproteobacteriales","Burkholderiaceae",NA
"ASV_346","Bacteria","Proteobacteria","Gammaproteobacteria","Pseudomonadales","Pseudomonadaceae",NA
"ASV_347","Eukaryota",NA,NA,NA,NA,NA
"ASV_348","Eukaryota",NA,NA,NA,NA,NA
"ASV_349","Bacteria","Bacteroidetes","Bacteroidia","Sphingobacteriales","Sphingobacteriaceae","Olivibacter"
"ASV_350","Bacteria","Proteobacteria","Gammaproteobacteria","Betaproteobacteriales","Burkholderiaceae",NA
"ASV_351","Bacteria","Bacteroidetes","Bacteroidia","Chitinophagales","Chitinophagaceae","Taibaiella"
"ASV_352","Bacteria","Proteobacteria","Alphaproteobacteria","Rhizobiales","Rhizobiaceae","Candidatus_Tokpelaia"
"ASV_353","Bacteria","Firmicutes","Bacilli","Bacillales","Bacillaceae","Bacillus"
"ASV_354","Bacteria","Proteobacteria","Deltaproteobacteria","Myxococcales","Polyangiaceae","Pajaroellobacter"
"ASV_355","Bacteria","Bacteroidetes","Bacteroidia","Sphingobacteriales","Sphingobacteriaceae","Parapedobacter"
"ASV_356","Bacteria","Bacteroidetes","Bacteroidia","Cytophagales","Spirosomaceae","Leadbetterella"
"ASV_357","Bacteria","Bacteroidetes","Bacteroidia","Chitinophagales","Chitinophagaceae","Taibaiella"
"ASV_358","Bacteria","Proteobacteria","Gammaproteobacteria","Enterobacteriales","Enterobacteriaceae","Escherichia/Shigella"
"ASV_359","Bacteria","Proteobacteria","Gammaproteobacteria","Cellvibrionales","Cellvibrionaceae","Cellvibrio"
"ASV_360","Eukaryota",NA,NA,NA,NA,NA
"ASV_361","Bacteria","Proteobacteria","Gammaproteobacteria","Xanthomonadales","Rhodanobacteraceae","Dokdonella"
"ASV_362","Bacteria","Actinobacteria","Actinobacteria","Propionibacteriales","Nocardioidaceae","Nocardioides"
"ASV_363","Bacteria","Bacteroidetes","Bacteroidia","Sphingobacteriales","Sphingobacteriaceae","Pedobacter"
"ASV_364","Bacteria","Proteobacteria","Gammaproteobacteria","Betaproteobacteriales","Rhodocyclaceae","Azonexus"
"ASV_365","Bacteria","Proteobacteria","Alphaproteobacteria","Rhizobiales","Rhizobiaceae","Mycoplana"
"ASV_366","Bacteria","Proteobacteria","Gammaproteobacteria","Enterobacteriales","Enterobacteriaceae","Raoultella"
"ASV_367","Bacteria","Proteobacteria","Alphaproteobacteria","Rhizobiales",NA,NA
"ASV_368","Bacteria","Proteobacteria","Gammaproteobacteria","Pseudomonadales","Pseudomonadaceae","Pseudomonas"
"ASV_369","Eukaryota",NA,NA,NA,NA,NA
"ASV_370","Eukaryota",NA,NA,NA,NA,NA
"ASV_371","Bacteria","Proteobacteria","Alphaproteobacteria","Rickettsiales","Rickettsiaceae","Candidatus_Megaira"
"ASV_372","Eukaryota",NA,NA,NA,NA,NA
"ASV_373","Bacteria","Proteobacteria","Gammaproteobacteria","Xanthomonadales","Rhodanobacteraceae","Dokdonella"
"ASV_374","Bacteria","Bacteroidetes","Bacteroidia","Chitinophagales","Chitinophagaceae","Terrimonas"
"ASV_375","Bacteria","Bacteroidetes","Bacteroidia","Chitinophagales","Chitinophagaceae","Terrimonas"
"ASV_376","Eukaryota",NA,NA,NA,NA,NA
"ASV_377","Bacteria","Proteobacteria","Gammaproteobacteria","Xanthomonadales","Xanthomonadaceae","SN8"
"ASV_378","Eukaryota",NA,NA,NA,NA,NA
"ASV_379","Bacteria","Bacteroidetes","Bacteroidia","Chitinophagales","Chitinophagaceae","Vibrionimonas"
"ASV_380","Bacteria","Proteobacteria","Gammaproteobacteria","Cellvibrionales","Cellvibrionaceae","Cellvibrio"
"ASV_381","Bacteria","Proteobacteria","Deltaproteobacteria","Oligoflexales","0319-6G20",NA
"ASV_382","Bacteria","Firmicutes","Bacilli","Bacillales","Bacillaceae","Bacillus"
"ASV_383","Bacteria","Proteobacteria","Alphaproteobacteria","Rhizobiales","Kaistiaceae","Kaistia"
"ASV_384","Bacteria","Proteobacteria","Gammaproteobacteria","Betaproteobacteriales","Burkholderiaceae","Pigmentiphaga"
"ASV_385","Bacteria","Actinobacteria","Actinobacteria","Corynebacteriales","Corynebacteriaceae","Corynebacterium_1"
"ASV_386","Bacteria","Proteobacteria","Gammaproteobacteria","Cellvibrionales","Cellvibrionaceae","Cellvibrio"
"ASV_387","Bacteria","Proteobacteria","Gammaproteobacteria","Betaproteobacteriales","Burkholderiaceae",NA
"ASV_388","Bacteria","Proteobacteria",NA,NA,NA,NA
"ASV_389","Bacteria","Proteobacteria","Alphaproteobacteria","Caulobacterales","Caulobacteraceae","Asticcacaulis"
"ASV_390","Bacteria","Bacteroidetes","Bacteroidia","Chitinophagales","Chitinophagaceae","Terrimonas"
"ASV_391","Bacteria","Bacteroidetes","Bacteroidia","Bacteroidales","Dysgonomonadaceae","Dysgonomonas"
"ASV_392","Bacteria","Proteobacteria","Alphaproteobacteria","Rhizobiales","Beijerinckiaceae","Bosea"
"ASV_393","Bacteria","Proteobacteria","Alphaproteobacteria","Rhizobiales","Methylopilaceae",NA
"ASV_394","Bacteria","Actinobacteria","Actinobacteria","Micrococcales",NA,NA
"ASV_395","Bacteria","Proteobacteria","Gammaproteobacteria","Gammaproteobacteria_Incertae_Sedis","Unknown_Family","Acidibacter"
"ASV_396","Bacteria","Proteobacteria","Gammaproteobacteria","Xanthomonadales","Xanthomonadaceae","Stenotrophomonas"
"ASV_397","Bacteria","Bacteroidetes","Bacteroidia","Chitinophagales","Chitinophagaceae","Vibrionimonas"
"ASV_398","Bacteria","Proteobacteria","Alphaproteobacteria","Rhizobiales","Devosiaceae",NA
"ASV_399","Bacteria","Proteobacteria","Gammaproteobacteria","Betaproteobacteriales","Burkholderiaceae","Acidovorax"
"ASV_400","Bacteria","Proteobacteria","Alphaproteobacteria","Rickettsiales","Rickettsiaceae","Candidatus_Gigarickettsia"
"ASV_401","Bacteria","Proteobacteria","Gammaproteobacteria",NA,NA,NA
"ASV_402","Bacteria","Bacteroidetes","Bacteroidia","Chitinophagales","Chitinophagaceae","Taibaiella"
"ASV_403","Bacteria","Bacteroidetes","Bacteroidia","Chitinophagales","Chitinophagaceae","Terrimonas"
"ASV_404","Bacteria","Proteobacteria","Alphaproteobacteria","Rhizobiales","Pleomorphomonadaceae",NA
